Datetime,Water Level (m)
2025-02-11 06:00:00,0.13766713
2025-02-11 07:00:00,0.2325443
2025-02-11 08:00:00,0.1291285
2025-02-11 09:00:00,-0.03415178
2025-02-11 10:00:00,-0.19227597
2025-02-11 11:00:00,-0.36936337
2025-02-11 12:00:00,-0.5523584
2025-02-11 13:00:00,-0.72102773
2025-02-11 14:00:00,-0.78740394
2025-02-11 15:00:00,-0.5803775
2025-02-11 16:00:00,-0.30478564
2025-02-11 17:00:00,-0.0036023434
2025-02-11 18:00:00,0.29075906
2025-02-11 19:00:00,0.49128178
2025-02-11 20:00:00,0.4776408
2025-02-11 21:00:00,0.28965184
2025-02-11 22:00:00,0.107583694
2025-02-11 23:00:00,-0.08633339
2025-02-12 00:00:00,-0.28887936
2025-02-12 01:00:00,-0.49166733
2025-02-12 02:00:00,-0.6730598
2025-02-12 03:00:00,-0.7196673
2025-02-12 04:00:00,-0.495209
2025-02-12 05:00:00,-0.22845203
2025-02-12 06:00:00,0.033268392
2025-02-12 07:00:00,0.23794532
2025-02-12 08:00:00,0.266396
2025-02-12 09:00:00,0.10060741
2025-02-12 10:00:00,-0.07147058
2025-02-12 11:00:00,-0.24367495
2025-02-12 12:00:00,-0.42987987
2025-02-12 13:00:00,-0.6154629
2025-02-12 14:00:00,-0.7691377
2025-02-12 15:00:00,-0.71940553
2025-02-12 16:00:00,-0.47290042
2025-02-12 17:00:00,-0.18157819
2025-02-12 18:00:00,0.13813215
2025-02-12 19:00:00,0.4195229
2025-02-12 20:00:00,0.56203
2025-02-12 21:00:00,0.44309375
2025-02-12 22:00:00,0.24511233
2025-02-12 23:00:00,0.05650894
2025-02-13 00:00:00,-0.14788508
2025-02-13 01:00:00,-0.35964674
2025-02-13 02:00:00,-0.5630378
2025-02-13 03:00:00,-0.71809703
2025-02-13 04:00:00,-0.6013674
2025-02-13 05:00:00,-0.3401905
2025-02-13 06:00:00,-0.06512258
2025-02-13 07:00:00,0.1952003
2025-02-13 08:00:00,0.3415233
2025-02-13 09:00:00,0.2548241
2025-02-13 10:00:00,0.07836346
2025-02-13 11:00:00,-0.09068429
2025-02-13 12:00:00,-0.2748487
2025-02-13 13:00:00,-0.46799186
2025-02-13 14:00:00,-0.65361476
2025-02-13 15:00:00,-0.7704039
2025-02-13 16:00:00,-0.5967731
2025-02-13 17:00:00,-0.31896552
2025-02-13 18:00:00,-0.008138695
2025-02-13 19:00:00,0.30736983
2025-02-13 20:00:00,0.5329311
2025-02-13 21:00:00,0.53480947
2025-02-13 22:00:00,0.3360206
2025-02-13 23:00:00,0.14619453
2025-02-14 00:00:00,-0.05465434
2025-02-14 01:00:00,-0.2661079
2025-02-14 02:00:00,-0.47783387
2025-02-14 03:00:00,-0.67174584
2025-02-14 04:00:00,-0.735398
2025-02-14 05:00:00,-0.5047882
2025-02-14 06:00:00,-0.22277401
2025-02-14 07:00:00,0.057871245
2025-02-14 08:00:00,0.28080374
2025-02-14 09:00:00,0.3207812
2025-02-14 10:00:00,0.15395509
2025-02-14 11:00:00,-0.018547127
2025-02-14 12:00:00,-0.19194835
2025-02-14 13:00:00,-0.3808418
2025-02-14 14:00:00,-0.57143325
2025-02-14 15:00:00,-0.7362329
2025-02-14 16:00:00,-0.72794706
2025-02-14 17:00:00,-0.480195
2025-02-14 18:00:00,-0.18384041
2025-02-14 19:00:00,0.13807932
2025-02-14 20:00:00,0.42034099
2025-02-14 21:00:00,0.546687
2025-02-14 22:00:00,0.39818245
2025-02-14 23:00:00,0.20284478
2025-02-15 00:00:00,0.015348452
2025-02-15 01:00:00,-0.18852858
2025-02-15 02:00:00,-0.39973465
2025-02-15 03:00:00,-0.60189706
2025-02-15 04:00:00,-0.7443583
2025-02-15 05:00:00,-0.5951797
2025-02-15 06:00:00,-0.3263194
2025-02-15 07:00:00,-0.040878598
2025-02-15 08:00:00,0.22964633
2025-02-15 09:00:00,0.3798651
2025-02-15 10:00:00,0.28959712
2025-02-15 11:00:00,0.11427517
2025-02-15 12:00:00,-0.054718595
2025-02-15 13:00:00,-0.23898125
2025-02-15 14:00:00,-0.43398866
2025-02-15 15:00:00,-0.6208522
2025-02-15 16:00:00,-0.74001753
2025-02-15 17:00:00,-0.57304025
2025-02-15 18:00:00,-0.29949817
2025-02-15 19:00:00,0.0034881767
2025-02-15 20:00:00,0.30619285
2025-02-15 21:00:00,0.50853753
2025-02-15 22:00:00,0.4610035
2025-02-15 23:00:00,0.26319006
2025-02-16 00:00:00,0.08079148
2025-02-16 01:00:00,-0.11598717
2025-02-16 02:00:00,-0.3217078
2025-02-16 03:00:00,-0.52746093
2025-02-16 04:00:00,-0.7034097
2025-02-16 05:00:00,-0.69822174
2025-02-16 06:00:00,-0.4553549
2025-02-16 07:00:00,-0.17415395
2025-02-16 08:00:00,0.11532505
2025-02-16 09:00:00,0.34299868
2025-02-16 10:00:00,0.38277474
2025-02-16 11:00:00,0.218258
2025-02-16 12:00:00,0.049366347
2025-02-16 13:00:00,-0.12656279
2025-02-16 14:00:00,-0.31709474
2025-02-16 15:00:00,-0.50979984
2025-02-16 16:00:00,-0.67290366
2025-02-16 17:00:00,-0.659903
2025-02-16 18:00:00,-0.4175376
2025-02-16 19:00:00,-0.1366324
2025-02-16 20:00:00,0.15956837
2025-02-16 21:00:00,0.3976241
2025-02-16 22:00:00,0.44636136
2025-02-16 23:00:00,0.2726253
2025-02-17 00:00:00,0.09428817
2025-02-17 01:00:00,-0.08966415
2025-02-17 02:00:00,-0.28610423
2025-02-17 03:00:00,-0.48666072
2025-02-17 04:00:00,-0.67259264
2025-02-17 05:00:00,-0.7724918
2025-02-17 06:00:00,-0.5964374
